Assembly,Strain,isolation_source,country,Age,Completeness,Contamination,Strain heterogeneity,collection_year,Dating
GCF_902365065.1,MGYG.HGUT.00277,human gut,China,Modern,NA,NA,NA,NA,NA
GCF_900636835.1,NCTC10832,Dental abscess,United Kingdom,Modern,NA,NA,NA,NA,NA
GCF_002995555.1,LAR01,saliva from healthy adult,USA,Modern,NA,NA,NA,2013,12
GCF_015556125.1,1001287H_170206_C7,feces,USA,Modern,NA,NA,NA,2017,8
GCF_015670285.1,D40t1_170626_E1,feces,USA,Modern,NA,NA,NA,2017,8
GCF_015670115.1,1001095IJ_161003_G6,feces,USA,Modern,NA,NA,NA,2016,9
GCF_015669655.1,D53t1_180928_E8,feces,USA,Modern,NA,NA,NA,2018,7
GCF_015668935.1,1001270H_150608_B10,feces,USA,Modern,NA,NA,NA,2015,10
GCF_000284575.1,LJ23,oral cavity,Japan,Modern,NA,NA,NA,NA,NA
GCF_000007465.2,UA159,child with active caries,USA,Modern,NA,NA,NA,1982,43
GCF_000522705.1,B24Sm2,oral cavity,USA,Modern,NA,NA,NA,2004,21
GCF_000522845.1,B88SM.A,oral cavity,USA,Modern,NA,NA,NA,2008,17
GCF_000522825.1,B85SM.B,oral cavity,USA,Modern,NA,NA,NA,2008,17
GCF_000522605.1,B12Sm1,oral cavity,USA,Modern,NA,NA,NA,2003,22
GCF_000522945.1,B115SM.A,oral cavity,USA,Modern,NA,NA,NA,2009,16
GCF_000522645.1,B107SM.B,oral cavity,USA,Modern,NA,NA,NA,2009,16
GCF_000522685.1,B09Sm1,oral cavity,USA,Modern,NA,NA,NA,2003,22
GCF_000522805.2,B06Sm2,oral cavity,USA,Modern,NA,NA,NA,2003,22
GCF_000522905.1,B111SM.A,oral cavity,USA,Modern,NA,NA,NA,2009,16
GCF_000522625.1,B084SM.A,oral cavity,USA,Modern,NA,NA,NA,2008,17
GCF_000522765.1,B04Sm5,oral cavity,USA,Modern,NA,NA,NA,2003,22
GCF_000522885.1,B23Sm1,oral cavity,USA,Modern,NA,NA,NA,2004,21
GCF_000522925.1,B114SM.A,oral cavity,USA,Modern,NA,NA,NA,2009,16
GCF_000522865.1,B16 P Sm1,oral cavity,USA,Modern,NA,NA,NA,2003,22
GCF_000522725.1,B102SM.B,oral cavity,USA,Modern,NA,NA,NA,2009,16
GCF_000522785.1,B082SM.A,oral cavity,USA,Modern,NA,NA,NA,2008,17
GCF_000522665.1,B07Sm2,oral cavity,USA,Modern,NA,NA,NA,2003,22
GCF_000522745.1,B112SM.A,oral cavity,USA,Modern,NA,NA,NA,2009,16
GCF_000522585.1,B13Sm1,oral cavity,USA,Modern,NA,NA,NA,2003,22
GCF_000522565.1,B05Sm11,oral cavity,USA,Modern,NA,NA,NA,2003,22
GCF_014621675.1,B04Sm5,carious lesion,USA,Modern,NA,NA,NA,2014,11
GCF_008831325.1,MD,oral cavity,Brazil,Modern,NA,NA,NA,NA,NA
GCF_008831345.1,T8,oral cavity,Netherlands,Modern,NA,NA,NA,NA,NA
GCF_008831365.1,UA140,oral cavity,USA,Modern,NA,NA,NA,NA,NA
GCF_000271865.1,GS.5,oral cavity,Unknown,Modern,NA,NA,NA,NA,NA
GCF_002083175.2,FDAARGOS_258,blood,USA,Modern,NA,NA,NA,2014,11
GCF_028326165.1,1001174st1_D5_RTP21191_200730,NA,USA,Modern,NA,NA,NA,2020,5
GCF_028325405.1,D40st1_F5_D40t1_170626,NA,USA,Modern,NA,NA,NA,2017,8
GCF_028326065.1,1001270st1_A5_1001270J_160509,NA,USA,Modern,NA,NA,NA,2016,9
GCF_028326035.1,RTP21191st1_H7_RTP21191_200730,NA,USA,Modern,NA,NA,NA,2020,5
GCF_028326145.1,1001174st1_D8_RTP21191_200730,NA,USA,Modern,NA,NA,NA,2020,5
GCF_028325945.1,1001095st1_C11_1001095IJ_161003,NA,USA,Modern,NA,NA,NA,2016,9
GCF_028326125.1,1001174st1_F4_RTP21191_200730,NA,USA,Modern,NA,NA,NA,2020,5
GCF_006386535.1,35,oral cavity,China,Modern,NA,NA,NA,2015,10
GCF_026782785.1,B12305014,blood,Denmark,Modern,NA,NA,NA,2012,13
GCF_026782845.1,A14000387,blood,Denmark,Modern,NA,NA,NA,2014,11
GCF_026782825.1,A15000357,blood,Denmark,Modern,NA,NA,NA,2015,10
GCF_026782705.1,B16869671,blood,Denmark,Modern,NA,NA,NA,2016,9
GCF_026782725.1,B16012112,blood,Denmark,Modern,NA,NA,NA,2016,9
GCF_026782685.1,Y16035778,blood,Denmark,Modern,NA,NA,NA,2016,9
GCF_026782885.1,A14000335,blood,Denmark,Modern,NA,NA,NA,2014,11
GCF_026782765.1,B13010740,blood,Denmark,Modern,NA,NA,NA,2013,12
GCF_026782745.1,B15029983,blood,Denmark,Modern,NA,NA,NA,2015,10
GCF_026782805.1,A16000882,blood,Denmark,Modern,NA,NA,NA,2016,9
GCF_032380255.1,07TFb2,saliva,France,Modern,NA,NA,NA,NA,NA
GCF_032380115.1,08CA3,saliva,France,Modern,NA,NA,NA,NA,NA
GCF_032380475.1,01BG6,saliva,France,Modern,NA,NA,NA,NA,NA
GCF_032379655.1,19CLb3,saliva,France,Modern,NA,NA,NA,NA,NA
GCF_032380375.1,04BF1,saliva,France,Modern,NA,NA,NA,NA,NA
GCF_032379715.1,16SP2,saliva,France,Modern,NA,NA,NA,NA,NA
GCF_032379255.1,25VCb1,saliva,France,Modern,NA,NA,NA,NA,NA
GCF_032379475.1,20QP1,saliva,France,Modern,NA,NA,NA,NA,NA
GCF_032379335.1,24CC1,saliva,France,Modern,NA,NA,NA,NA,NA
GCF_032379825.1,15LT2,saliva,France,Modern,NA,NA,NA,NA,NA
GCF_032378815.1,35DFb1,saliva,France,Modern,NA,NA,NA,NA,NA
GCF_032378975.1,34BRb2,saliva,France,Modern,NA,NA,NA,NA,NA
GCF_032380575.1,01BGb2,saliva,France,Modern,NA,NA,NA,NA,NA
GCF_032378775.1,37bPJ3,saliva,France,Modern,NA,NA,NA,NA,NA
GCF_032379935.1,11MMb3,saliva,France,Modern,NA,NA,NA,NA,NA
GCF_032379895.1,12RB3,saliva,France,Modern,NA,NA,NA,NA,NA
GCF_032379275.1,25VC3,saliva,France,Modern,NA,NA,NA,NA,NA
GCF_032380515.1,02BDb3,saliva,France,Modern,NA,NA,NA,NA,NA
GCF_032380335.1,08CA2,saliva,France,Modern,NA,NA,NA,NA,NA
GCF_032380415.1,03MG7,saliva,France,Modern,NA,NA,NA,NA,NA
GCF_032379295.1,24CCb2,saliva,France,Modern,NA,NA,NA,NA,NA
GCF_032379075.1,33HA1,saliva,France,Modern,NA,NA,NA,NA,NA
GCF_032380315.1,04BFb1,saliva,France,Modern,NA,NA,NA,NA,NA
GCF_032379575.1,18MJLb4,saliva,France,Modern,NA,NA,NA,NA,NA
GCF_032379635.1,18MJL1,saliva,France,Modern,NA,NA,NA,NA,NA
GCF_032380015.1,11MM2,saliva,France,Modern,NA,NA,NA,NA,NA
GCF_032379435.1,22HMb3,saliva,France,Modern,NA,NA,NA,NA,NA
GCF_032378955.1,35DF1,saliva,France,Modern,NA,NA,NA,NA,NA
GCF_032380455.1,03GMb4,saliva,France,Modern,NA,NA,NA,NA,NA
GCF_032380025.1,09DC3,saliva,France,Modern,NA,NA,NA,NA,NA
GCF_032379685.1,17PM2,saliva,France,Modern,NA,NA,NA,NA,NA
GCF_032379735.1,17PMb4,saliva,France,Modern,NA,NA,NA,NA,NA
GCF_032380235.1,07TF2,saliva,France,Modern,NA,NA,NA,NA,NA
GCF_032379455.1,20QP3,saliva,France,Modern,NA,NA,NA,NA,NA
GCF_032379495.1,20QP2,saliva,France,Modern,NA,NA,NA,NA,NA
GCF_032380095.1,09DCb1,saliva,France,Modern,NA,NA,NA,NA,NA
GCF_032380135.1,08CAb2,saliva,France,Modern,NA,NA,NA,NA,NA
GCF_032378735.1,37bPJ2,saliva,France,Modern,NA,NA,NA,NA,NA
GCF_032379855.1,14BP3,saliva,France,Modern,NA,NA,NA,NA,NA
GCF_032378995.1,26BM3,saliva,France,Modern,NA,NA,NA,NA,NA
GCF_032379235.1,24CCb1,saliva,France,Modern,NA,NA,NA,NA,NA
GCF_032379915.1,14BP2,saliva,France,Modern,NA,NA,NA,NA,NA
GCF_032379015.1,25VCb3,saliva,France,Modern,NA,NA,NA,NA,NA
GCF_032378835.1,35DF2,saliva,France,Modern,NA,NA,NA,NA,NA
GCF_000340175.1,U2B,NA,Turkey,Modern,NA,NA,NA,2005,20
GCF_000339055.1,S1B,oral cavity,Turkey,Modern,NA,NA,NA,2001,24
GCF_000339215.1,4VF1,oral cavity,Brazil,Modern,NA,NA,NA,NA,NA
GCF_000339175.1,4SM1,oral cavity,Brazil,Modern,NA,NA,NA,NA,NA
GCF_000340155.1,24,oral cavity,Iceland,Modern,NA,NA,NA,1990,35
GCF_000339635.1,OMZ175,oral cavity,Unknown,Modern,NA,NA,NA,NA,NA
GCF_000339975.1,N66,oral cavity,United Kingdom,Modern,NA,NA,NA,1997,28
GCF_000339415.1,NV1996,oral cavity,USA,Modern,NA,NA,NA,1991,34
GCF_000339115.1,R221,oral cavity,Brazil,Modern,NA,NA,NA,NA,NA
GCF_000340135.1,SM4,oral cavity,China,Modern,NA,NA,NA,2001,24
GCF_000339535.1,21,oral cavity,Iceland,Modern,NA,NA,NA,1990,35
GCF_000339615.1,SA38,oral cavity,South Africa,Modern,NA,NA,NA,2001,24
GCF_000339795.1,U138,oral cavity,United Kingdom,Modern,NA,NA,NA,2006,19
GCF_000339915.1,NLML9,oral cavity,United Kingdom,Modern,NA,NA,NA,2001,24
GCF_000339395.1,NFSM1,oral cavity,United Kingdom,Modern,NA,NA,NA,1994,31
GCF_000339775.1,A19,oral cavity,United Kingdom,Modern,NA,NA,NA,2006,19
GCF_000339295.1,NFSM2,oral cavity,United Kingdom,Modern,NA,NA,NA,1994,31
GCF_000339995.1,W6,oral cavity,United Kingdom,Modern,NA,NA,NA,2006,19
GCF_000339735.1,2VS1,oral cavity,Brazil,Modern,NA,NA,NA,NA,NA
GCF_000339715.1,11SSST2,oral cavity,Brazil,Modern,NA,NA,NA,NA,NA
GCF_000339515.1,14D,oral cavity,Iceland,Modern,NA,NA,NA,1990,35
GCF_000339875.1,NLML4,oral cavity,United Kingdom,Modern,NA,NA,NA,2001,24
GCF_000340035.1,ST1,oral cavity,United Kingdom,Modern,NA,NA,NA,2006,19
GCF_000339815.1,G123,oral cavity,United Kingdom,Modern,NA,NA,NA,2006,19
GCF_000339455.1,SM6,oral cavity,China,Modern,NA,NA,NA,2001,24
GCF_000340115.1,66.2A,oral cavity,Iceland,Modern,NA,NA,NA,1990,35
GCF_000339555.1,B,oral cavity,Iceland,Modern,NA,NA,NA,1990,35
GCF_000339075.1,SA41,oral cavity,South Africa,Modern,NA,NA,NA,2001,24
GCF_000339835.1,M21,oral cavity,United Kingdom,Modern,NA,NA,NA,2006,19
GCF_000339335.1,N29,oral cavity,United Kingdom,Modern,NA,NA,NA,1991,34
GCF_000339375.1,T4,oral cavity,United Kingdom,Modern,NA,NA,NA,2006,19
GCF_000339495.1,NLML8,oral cavity,United Kingdom,Modern,NA,NA,NA,2002,23
GCF_000339955.1,N3209,oral cavity,United Kingdom,Modern,NA,NA,NA,1979,46
GCF_000339435.1,SF14,oral cavity,USA,Modern,NA,NA,NA,2001,24
GCF_000339755.1,NVAB,oral cavity,USA,Modern,NA,NA,NA,1994,31
GCF_000339275.1,5SM3,oral cavity,Brazil,Modern,NA,NA,NA,NA,NA
GCF_000340095.1,1ID3,oral cavity,Brazil,Modern,NA,NA,NA,NA,NA
GCF_000339255.1,11VS1,oral cavity,Brazil,Modern,NA,NA,NA,NA,NA
GCF_000339135.1,M230,oral cavity,Brazil,Modern,NA,NA,NA,NA,NA
GCF_000339695.1,11A1,oral cavity,Brazil,Modern,NA,NA,NA,NA,NA
GCF_000339355.1,NMT4863,oral cavity,Japan,Modern,NA,NA,NA,1980,45
GCF_000339155.1,15JP3,oral cavity,Brazil,Modern,NA,NA,NA,NA,NA
GCF_000339895.1,NLML5,oral cavity,United Kingdom,Modern,NA,NA,NA,2001,24
GCF_000340055.1,ST6,oral cavity,United Kingdom,Modern,NA,NA,NA,2006,19
GCF_000339935.1,M2A,oral cavity,United Kingdom,Modern,NA,NA,NA,2006,19
GCF_000339315.1,A9,oral cavity,United Kingdom,Modern,NA,NA,NA,2006,19
GCF_000339095.1,SF12,oral cavity,USA,Modern,NA,NA,NA,2001,24
GCF_000339575.1,SM1,oral cavity,China,Modern,NA,NA,NA,2001,24
GCF_000339595.1,8ID3,oral cavity,Brazil,Modern,NA,NA,NA,NA,NA
GCF_000339195.1,2ST1,oral cavity,Brazil,Modern,NA,NA,NA,NA,NA
GCF_000339855.1,N34,oral cavity,United Kingdom,Modern,NA,NA,NA,1997,28
GCF_000339475.1,U2A,oral cavity,Turkey,Modern,NA,NA,NA,2005,20
GCF_000339235.1,15VF2,oral cavity,Brazil,Modern,NA,NA,NA,NA,NA
GCF_000339675.1,3SN1,oral cavity,Brazil,Modern,NA,NA,NA,NA,NA
GCF_000339655.1,1SM1,oral cavity,Brazil,Modern,NA,NA,NA,NA,NA
GCF_000340075.1,NLML1,oral cavity,United Kingdom,Modern,NA,NA,NA,2001,24
GCF_000340015.1,SF1,oral cavity,USA,Modern,NA,NA,NA,2001,24
GCF_900459345.1,NCTC10923,NA,United Kingdom,Modern,NA,NA,NA,1966,59
GCF_900475095.1,NCTC10449,carious dentine,Unknown,Modern,NA,NA,NA,NA,NA
GCF_001625005.1,ATCC 55676,oral cavity,USA,Modern,NA,NA,NA,1982,43
GCF_009738105.1,NCH105,oral cavity,USA,Modern,NA,NA,NA,1996,29
GCF_901875565.1,Streptococcus_mutans_BgEED33,NA,Bangladesh,Modern,NA,NA,NA,NA,NA
GCF_012273155.1,FDAARGOS_685,ATCC Isolate,USA,Modern,NA,NA,NA,NA,NA
GCF_002157665.1,HM,blood,Japan,Modern,NA,NA,NA,NA,NA
GCF_002155285.1,KCOM 1054 (= ChDC YM3),dental plaque,South Korea,Modern,NA,NA,NA,2005,20
GCF_030294905.1,LP13,teeth,Japan,Modern,NA,NA,NA,2012,13
GCF_000375505.1,DSM 20523,carious dentine,Unknown,Modern,NA,NA,NA,NA,NA
GCF_003691695.1,LAB761,oral cavity,Canada,Modern,NA,NA,NA,2016,9
GCF_024762195.1,COCC33.14,dental plaque,China,Modern,NA,NA,NA,2020,5
GCF_024762175.1,COCC33.14R,dental plaque,China,Modern,NA,NA,NA,2020,5
GCF_024762155.1,UA.159,dental plaque,China,Modern,NA,NA,NA,2020,5
GCF_011765525.1,P6,root canal,Brazil,Modern,NA,NA,NA,2015,10
GCF_011765485.1,S4,root canal,Brazil,Modern,NA,NA,NA,2018,7
GCF_011765545.1,P1,root canal,Brazil,Modern,NA,NA,NA,2015,10
GCF_011765505.1,S1,root canal,Brazil,Modern,NA,NA,NA,2018,7
GCF_027658645.1,AM109.45,fecal material [ENVO:00002003],China,Modern,NA,NA,NA,2014,11
GCF_027683265.1,AF36.21BH,fecal material [ENVO:00002003],China,Modern,NA,NA,NA,2014,11
GCF_018619415.1,E681,eye,USA,Modern,NA,NA,NA,NA,NA
GCF_000091645.1,NN2025,Dental caries,Japan,Modern,NA,NA,NA,2002,23
GCF_002212855.1,PKUSS.2,NA,China,Modern,NA,NA,NA,NA,NA
GCF_002213005.1,PKUSS.3,carious cavity from patient susceptible to dental caries,China,Modern,NA,NA,NA,NA,NA
GCF_002212885.1,PKUSS.4,NA,China,Modern,NA,NA,NA,NA,NA
GCF_002213065.1,PKUSS.1,NA,China,Modern,NA,NA,NA,NA,NA
GCF_002213035.1,PKUSS.10,NA,Japan,Modern,NA,NA,NA,NA,NA
GCF_002212965.1,PKUSS.11,NA,Japan,Modern,NA,NA,NA,NA,NA
GCF_002212995.1,PKUSS.7,NA,Unknown,Modern,NA,NA,NA,2007,18
GCF_002212925.1,PKUSS.8,dental plaque,Sweden,Modern,NA,NA,NA,1966,59
GCF_002212905.1,PKUSS.5,carious dentine,United Kingdom,Modern,NA,NA,NA,1966,59
GCF_002212845.1,PKUSS.6,a caries.active dental patient,USA,Modern,NA,NA,NA,1984,41
GCF_002212935.1,PKUSS.9,NA,USA,Modern,NA,NA,NA,NA,NA
GCF_006739205.1,NBRC 13955,NA,Unknown,Modern,NA,NA,NA,NA,NA
GCF_012642055.1,UAB.25,saliva,USA,Modern,NA,NA,NA,06.11.07,18
GCF_012641575.1,UAB.15,plaque,USA,Modern,NA,NA,NA,03.04.08,17
GCF_012641885.1,UAB.35,plaque,USA,Modern,NA,NA,NA,11/30/2010,15
GCF_012641805.1,UAB.40,plaque,USA,Modern,NA,NA,NA,2011,14
GCF_012642035.1,UAB.26,plaque,USA,Modern,NA,NA,NA,2009,16
GCF_012642145.1,UAB.20,plaque,USA,Modern,NA,NA,NA,2009,16
GCF_012641605.1,UAB.13,tongue,USA,Modern,NA,NA,NA,2007,18
GCF_012642205.1,UAB.17,tongue,USA,Modern,NA,NA,NA,2007,18
GCF_012641925.1,UAB.32,saliva,USA,Modern,NA,NA,NA,2008,17
GCF_012642105.1,UAB.22,plaque,USA,Modern,NA,NA,NA,2008,17
GCF_012641615.1,UAB.14,plaque,USA,Modern,NA,NA,NA,2007,18
GCF_012641565.1,UAB.16,plaque,USA,Modern,NA,NA,NA,2007,18
GCF_012642165.1,UAB.19,plaque,USA,Modern,NA,NA,NA,2007,18
GCF_012641975.1,UAB.29,plaque,USA,Modern,NA,NA,NA,2008,17
GCF_012641625.1,UAB.12,plaque,USA,Modern,NA,NA,NA,2007,18
GCF_012641775.1,UAB.39,plaque,USA,Modern,NA,NA,NA,11.10.09,16
GCF_012641935.1,UAB.31,tongue,USA,Modern,NA,NA,NA,2008,17
GCF_012641905.1,UAB.33,plaque,USA,Modern,NA,NA,NA,2008,17
GCF_012641545.1,UAB.23,tongue,USA,Modern,NA,NA,NA,2007,18
GCF_012641855.1,UAB.34,plaque,USA,Modern,NA,NA,NA,2011,14
GCF_012641665.1,UAB.11,plaque,USA,Modern,NA,NA,NA,02.10.09,16
GCF_012641965.1,UAB.30,saliva,USA,Modern,NA,NA,NA,1/15/2008,17
GCF_012642085.1,UAB.24,plaque,USA,Modern,NA,NA,NA,06.11.07,18
GCF_012642005.1,UAB.28,plaque,USA,Modern,NA,NA,NA,2009,16
GCF_012642125.1,UAB.21,plaque,USA,Modern,NA,NA,NA,2007,18
GCF_012642015.1,UAB.27,tongue,USA,Modern,NA,NA,NA,2008,17
GCF_012642185.1,UAB.18,plaque,USA,Modern,NA,NA,NA,2010,15
GCF_012642225.1,UAB.10,plaque,USA,Modern,NA,NA,NA,2010,15
GCF_012642405.1,UAB.1,plaque,USA,Modern,NA,NA,NA,02.10.09,16
GCF_012641765.1,UAB.38,plaque,USA,Modern,NA,NA,NA,09.09.08,17
GCF_012641825.1,UAB.36,saliva,USA,Modern,NA,NA,NA,2009,16
GCF_012642235.1,UAB.9,plaque,USA,Modern,NA,NA,NA,09.01.09,16
GCF_012642345.1,UAB.3,plaque,USA,Modern,NA,NA,NA,2008,17
GCF_012642325.1,UAB.5,plaque,USA,Modern,NA,NA,NA,2010,15
GCF_012641845.1,UAB.37,plaque,USA,Modern,NA,NA,NA,2010,15
GCF_012642275.1,UAB.7,plaque,USA,Modern,NA,NA,NA,2010,15
GCF_012642305.1,UAB.6,plaque,USA,Modern,NA,NA,NA,2009,16
GCF_012642365.1,UAB.2,plaque,USA,Modern,NA,NA,NA,02.10.09,16
GCF_012642355.1,UAB.4,plaque,USA,Modern,NA,NA,NA,04.06.10,15
GCF_012642265.1,UAB.8,plaque,USA,Modern,NA,NA,NA,2010,15
GCF_012641085.1,UA140,NA,USA,Modern,NA,NA,NA,1988,37
GCF_023109585.1,S38,Endocarditis,USA,Modern,NA,NA,NA,NA,NA
GCF_001558215.1,NG8,New Guinea Indigenes,Papua New Guinea,Modern,NA,NA,NA,1978,47
GCF_030739475.1,P21S6,teeth,Colombia,Modern,NA,NA,NA,2017,8
GCF_030586545.1,P28C7,dental,Colombia,Modern,NA,NA,NA,2018,7
GCF_030739555.1,P28MB7,teeth,Colombia,Modern,NA,NA,NA,2017,8
GCF_030739515.1,P20MB6,teeth,Colombia,Modern,NA,NA,NA,2017,8
GCF_030739525.1,P18C3,teeth,Colombia,Modern,NA,NA,NA,2017,8
GCF_001069835.1,1002_SMUT,NA,USA,Modern,NA,NA,NA,NA,NA
GCF_001073145.1,503_SMUT,NA,USA,Modern,NA,NA,NA,NA,NA
GCF_001068415.1,1006_SMUT,NA,USA,Modern,NA,NA,NA,NA,NA
GCF_018588825.1,UA159,NA,USA,Modern,NA,NA,NA,2017,8
GCF_018588765.1,Smu93,NA,USA,Modern,NA,NA,NA,2017,8
GCF_018588785.1,Smu20,NA,USA,Modern,NA,NA,NA,2017,8
GCF_000229405.1,TCI.210,dental plaque,Brazil,Modern,NA,NA,NA,2009,16
GCF_000229525.1,TCI.223,dental plaque,Brazil,Modern,NA,NA,NA,2009,16
GCF_000229545.1,TCI.224,dental plaque,Brazil,Modern,NA,NA,NA,2009,16
GCF_000228805.1,TCI.110,dental plaque,Brazil,Modern,NA,NA,NA,2009,16
GCF_000230145.1,TCI.85,dental plaque,Brazil,Modern,NA,NA,NA,2009,16
GCF_000230065.1,TCI.70,dental plaque,Brazil,Modern,NA,NA,NA,2009,16
GCF_000230085.1,TCI.75,dental plaque,Brazil,Modern,NA,NA,NA,2009,16
GCF_000229745.1,TCI.260,dental plaque,Brazil,Modern,NA,NA,NA,2009,16
GCF_000229625.1,TCI.239,dental plaque,Brazil,Modern,NA,NA,NA,2009,16
GCF_000229845.1,TCI.279,dental plaque,Brazil,Modern,NA,NA,NA,2009,16
GCF_000228925.1,TCI.143,dental plaque,Brazil,Modern,NA,NA,NA,2009,16
GCF_000229505.1,TCI.222,dental plaque,Brazil,Modern,NA,NA,NA,2009,16
GCF_000229045.1,TCI.152,dental plaque,Brazil,Modern,NA,NA,NA,2009,16
GCF_000229985.1,TCI.399,dental plaque,Brazil,Modern,NA,NA,NA,2009,16
GCF_000229265.1,TCI.179,dental plaque,Brazil,Modern,NA,NA,NA,2009,16
GCF_000229345.1,TCI.201,dental plaque,Brazil,Modern,NA,NA,NA,2009,16
GCF_000229005.1,TCI.149,dental plaque,Brazil,Modern,NA,NA,NA,2009,16
GCF_000229685.1,TCI.244,dental plaque,Brazil,Modern,NA,NA,NA,2009,16
GCF_000230045.1,TCI.62,dental plaque,Brazil,Modern,NA,NA,NA,2009,16
GCF_000229785.1,TCI.267,dental plaque,Brazil,Modern,NA,NA,NA,2009,16
GCF_000229605.1,TCI.234,dental plaque,Brazil,Modern,NA,NA,NA,2009,16
GCF_000229125.1,TCI.163,dental plaque,Brazil,Modern,NA,NA,NA,2009,16
GCF_000229465.1,TCI.219,dental plaque,Brazil,Modern,NA,NA,NA,2009,16
GCF_000228905.1,TCI.138,dental plaque,Brazil,Modern,NA,NA,NA,2009,16
GCF_000229765.1,TCI.264,dental plaque,Brazil,Modern,NA,NA,NA,2009,16
GCF_000229245.1,TCI.177,dental plaque,Brazil,Modern,NA,NA,NA,2009,16
GCF_000230105.1,TCI.78,dental plaque,Brazil,Modern,NA,NA,NA,2009,16
GCF_000229425.1,TCI.212,dental plaque,Brazil,Modern,NA,NA,NA,2009,16
GCF_000229665.1,TCI.243,dental plaque,Brazil,Modern,NA,NA,NA,2009,16
GCF_000230165.1,TCI.86,dental plaque,Brazil,Modern,NA,NA,NA,2009,16
GCF_000229865.1,TCI.280,dental plaque,Brazil,Modern,NA,NA,NA,2009,16
GCF_000229725.1,TCI.256,dental plaque,Brazil,Modern,NA,NA,NA,2009,16
GCF_000229645.1,TCI.242,dental plaque,Brazil,Modern,NA,NA,NA,2009,16
GCF_000229225.1,TCI.176,dental plaque,Brazil,Modern,NA,NA,NA,2009,16
GCF_000229945.1,TCI.298,dental plaque,Brazil,Modern,NA,NA,NA,2009,16
GCF_000228745.1,TCI.101,dental plaque,Brazil,Modern,NA,NA,NA,2009,16
GCF_000229145.1,TCI.164,dental plaque,Brazil,Modern,NA,NA,NA,2009,16
GCF_000229325.1,TCI.196,dental plaque,Brazil,Modern,NA,NA,NA,2009,16
GCF_000228765.1,TCI.109,dental plaque,Brazil,Modern,NA,NA,NA,2009,16
GCF_000228985.1,TCI.148,dental plaque,Brazil,Modern,NA,NA,NA,2009,16
GCF_000229585.1,TCI.228,dental plaque,Brazil,Modern,NA,NA,NA,2009,16
GCF_000228865.1,TCI.123,dental plaque,Brazil,Modern,NA,NA,NA,2009,16
GCF_000229825.1,TCI.278,dental plaque,Brazil,Modern,NA,NA,NA,2009,16
GCF_000230225.1,TCI.99,dental plaque,Brazil,Modern,NA,NA,NA,2009,16
GCF_000229885.1,TCI.289,dental plaque,Brazil,Modern,NA,NA,NA,2009,16
GCF_000229445.1,TCI.218,dental plaque,Brazil,Modern,NA,NA,NA,2009,16
GCF_000229085.1,TCI.154,dental plaque,Brazil,Modern,NA,NA,NA,2009,16
GCF_000229185.1,TCI.170,dental plaque,Brazil,Modern,NA,NA,NA,2009,16
GCF_000228825.1,TCI.116,dental plaque,Brazil,Modern,NA,NA,NA,2009,16
GCF_000230205.1,TCI.96,dental plaque,Brazil,Modern,NA,NA,NA,2009,16
GCF_000229105.1,TCI.162,dental plaque,Brazil,Modern,NA,NA,NA,2009,16
GCF_000229305.1,TCI.191,dental plaque,Brazil,Modern,NA,NA,NA,2009,16
GCF_000229025.1,TCI.151,dental plaque,Brazil,Modern,NA,NA,NA,2009,16
GCF_000229385.1,TCI.204,dental plaque,Brazil,Modern,NA,NA,NA,2009,16
GCF_000229965.1,TCI.30,dental plaque,Brazil,Modern,NA,NA,NA,2009,16
GCF_000229065.1,TCI.153,dental plaque,Brazil,Modern,NA,NA,NA,2009,16
GCF_000230125.1,TCI.82,dental plaque,Brazil,Modern,NA,NA,NA,2009,16
GCF_000228965.1,TCI.146,dental plaque,Brazil,Modern,NA,NA,NA,2009,16
GCF_000228885.1,TCI.125,dental plaque,Brazil,Modern,NA,NA,NA,2009,16
GCF_000229925.1,TCI.294,dental plaque,Brazil,Modern,NA,NA,NA,2009,16
GCF_000229165.1,TCI.169,dental plaque,Brazil,Modern,NA,NA,NA,2009,16
GCF_000229285.1,TCI.187,dental plaque,Brazil,Modern,NA,NA,NA,2009,16
GCF_000229565.1,TCI.227,dental plaque,Brazil,Modern,NA,NA,NA,2009,16
GCF_000229485.1,TCI.220,dental plaque,Brazil,Modern,NA,NA,NA,2009,16
GCF_000230025.1,TCI.51,dental plaque,Brazil,Modern,NA,NA,NA,2009,16
GCF_000229705.1,TCI.249,dental plaque,Brazil,Modern,NA,NA,NA,2009,16
GCF_000228785.1,TCI.11,dental plaque,Brazil,Modern,NA,NA,NA,2009,16
GCF_000230005.1,TCI.400,dental plaque,Brazil,Modern,NA,NA,NA,2009,16
GCF_000228845.1,TCI.120,dental plaque,Brazil,Modern,NA,NA,NA,2009,16
GCF_000229365.1,TCI.202,dental plaque,Brazil,Modern,NA,NA,NA,2009,16
GCF_000229805.1,TCI.268,dental plaque,Brazil,Modern,NA,NA,NA,2009,16
GCF_000230185.1,TCI.92,dental plaque,Brazil,Modern,NA,NA,NA,2009,16
GCF_000228945.1,TCI.145,dental plaque,Brazil,Modern,NA,NA,NA,2009,16
GCF_000229905.1,TCI.292,dental plaque,Brazil,Modern,NA,NA,NA,2009,16
GCF_000229205.1,TCI.173,dental plaque,Brazil,Modern,NA,NA,NA,2009,16
GCF_000347895.1,NCTC 11060,blood,Denmark,Modern,NA,NA,NA,NA,NA
GCF_000347835.1,KK23,enamel caries of a child,Germany,Modern,NA,NA,NA,NA,NA
GCF_000347855.1,AC4446,a confirmed case of infective endocarditis,Germany,Modern,NA,NA,NA,NA,NA
GCF_000347815.1,KK21,enamel caries of an adult,Germany,Modern,NA,NA,NA,NA,NA
GCF_000347875.1,ATCC 25175,carious dentine,Unknown,Modern,NA,NA,NA,NA,NA
GCF_000347795.1,5DC8,root caries,United Kingdom,Modern,NA,NA,NA,NA,NA
GCF_019048645.1,FDAARGOS 1458,NA,Germany,Modern,NA,NA,NA,NA,NA
GCF_002179995.1,B14,dental plaque,USA,Modern,NA,NA,NA,1995,30
GCF_001703615.1,AD01,tooth,Italy,Modern,NA,NA,NA,2013,12
GCF_020531045.1,KSM37,oral cavity,Japan,Modern,NA,NA,NA,2011,14
GCF_020529885.1,KSM193,oral cavity,Japan,Modern,NA,NA,NA,2011,14
GCF_020531205.1,KSM17,oral cavity,Japan,Modern,NA,NA,NA,2011,14
GCF_020530305.1,KSM76,oral cavity,Japan,Modern,NA,NA,NA,2011,14
GCF_020530685.1,KSM128,oral cavity,Japan,Modern,NA,NA,NA,2011,14
GCF_020530665.1,KSM140,oral cavity,Japan,Modern,NA,NA,NA,2011,14
GCF_020530245.1,KSM55,oral cavity,Japan,Modern,NA,NA,NA,2011,14
GCF_020530565.1,KSM147,oral cavity,Japan,Modern,NA,NA,NA,2011,14
GCF_020530845.1,KSM120,oral cavity,Japan,Modern,NA,NA,NA,2011,14
GCF_020530585.1,KSM138,oral cavity,Japan,Modern,NA,NA,NA,2011,14
GCF_020529525.1,KSM180,oral cavity,Japan,Modern,NA,NA,NA,2011,14
GCF_020531005.1,KSM32,oral cavity,Japan,Modern,NA,NA,NA,2011,14
GCF_020530325.1,KSM95,oral cavity,Japan,Modern,NA,NA,NA,2011,14
GCF_020530945.1,KSM31,oral cavity,Japan,Modern,NA,NA,NA,2011,14
GCF_020530545.1,KSM146,oral cavity,Japan,Modern,NA,NA,NA,2011,14
GCF_020529325.1,KSM115,oral cavity,Japan,Modern,NA,NA,NA,2011,14
GCF_020529445.1,KSM104,oral cavity,Japan,Modern,NA,NA,NA,2011,14
GCF_020530905.1,KSM150,oral cavity,Japan,Modern,NA,NA,NA,2011,14
GCF_020530285.1,KSM83,oral cavity,Japan,Modern,NA,NA,NA,2011,14
GCF_020531165.1,KSM25,oral cavity,Japan,Modern,NA,NA,NA,2011,14
GCF_020531285.1,KSM2,oral cavity,Japan,Modern,NA,NA,NA,2011,14
GCF_020531225.1,KSM18,oral cavity,Japan,Modern,NA,NA,NA,2011,14
GCF_020529485.1,KSM187,oral cavity,Japan,Modern,NA,NA,NA,2011,14
GCF_020531605.1,KSM133,oral cavity,Japan,Modern,NA,NA,NA,2011,14
GCF_020530355.1,KSM80,oral cavity,Japan,Modern,NA,NA,NA,2011,14
GCF_020531665.1,KSM126,oral cavity,Japan,Modern,NA,NA,NA,2011,14
GCF_020530075.1,KSM53,oral cavity,Japan,Modern,NA,NA,NA,2011,14
GCF_020531185.1,KSM27,oral cavity,Japan,Modern,NA,NA,NA,2011,14
GCF_020530425.1,KSM65,oral cavity,Japan,Modern,NA,NA,NA,2011,14
GCF_020530985.1,KSM22,oral cavity,Japan,Modern,NA,NA,NA,2011,14
GCF_020530925.1,KSM170,oral cavity,Japan,Modern,NA,NA,NA,2011,14
GCF_020530795.1,KSM152,oral cavity,Japan,Modern,NA,NA,NA,2011,14
GCF_020529705.1,KSM110,oral cavity,Japan,Modern,NA,NA,NA,2011,14
GCF_020530785.1,KSM153,oral cavity,Japan,Modern,NA,NA,NA,2011,14
GCF_020531025.1,KSM43,oral cavity,Japan,Modern,NA,NA,NA,2011,14
GCF_020530065.1,KSM74,oral cavity,Japan,Modern,NA,NA,NA,2011,14
GCF_020529385.1,KSM105,oral cavity,Japan,Modern,NA,NA,NA,2011,14
GCF_020529965.1,KSM101,oral cavity,Japan,Modern,NA,NA,NA,2011,14
GCF_020530165.1,KSM51,oral cavity,Japan,Modern,NA,NA,NA,2011,14
GCF_020530965.1,KSM26,oral cavity,Japan,Modern,NA,NA,NA,2011,14
GCF_020530745.1,KSM188,oral cavity,Japan,Modern,NA,NA,NA,2011,14
GCF_020531355.1,KSM3,oral cavity,Japan,Modern,NA,NA,NA,2011,14
GCF_020530875.1,KSM175,oral cavity,Japan,Modern,NA,NA,NA,2011,14
GCF_020529905.1,KSM215,oral cavity,Japan,Modern,NA,NA,NA,2011,14
GCF_020529685.1,KSM119,oral cavity,Japan,Modern,NA,NA,NA,2011,14
GCF_020531565.1,KSM137,oral cavity,Japan,Modern,NA,NA,NA,2011,14
GCF_020529765.1,KSM172,oral cavity,Japan,Modern,NA,NA,NA,2011,14
GCF_020530365.1,KSM90,oral cavity,Japan,Modern,NA,NA,NA,2011,14
GCF_020530645.1,KSM129,oral cavity,Japan,Modern,NA,NA,NA,2011,14
GCF_020530145.1,KSM58,oral cavity,Japan,Modern,NA,NA,NA,2011,14
GCF_020529785.1,KSM182,oral cavity,Japan,Modern,NA,NA,NA,2011,14
GCF_020531635.1,KSM131,oral cavity,Japan,Modern,NA,NA,NA,2011,14
GCF_020529415.1,KSM99,oral cavity,Japan,Modern,NA,NA,NA,2011,14
GCF_020531345.1,KSM6,oral cavity,Japan,Modern,NA,NA,NA,2011,14
GCF_020529585.1,KSM227,oral cavity,Japan,Modern,NA,NA,NA,2011,14
GCF_020531105.1,KSM28,oral cavity,Japan,Modern,NA,NA,NA,2011,14
GCF_020531305.1,KSM16,oral cavity,Japan,Modern,NA,NA,NA,2011,14
GCF_020529345.1,KSM85,oral cavity,Japan,Modern,NA,NA,NA,2011,14
GCF_020531145.1,KSM29,oral cavity,Japan,Modern,NA,NA,NA,2011,14
GCF_020529795.1,KSM163,oral cavity,Japan,Modern,NA,NA,NA,2011,14
GCF_020530445.1,KSM185,oral cavity,Japan,Modern,NA,NA,NA,2011,14
GCF_020529255.1,KSM114,oral cavity,Japan,Modern,NA,NA,NA,2011,14
GCF_020529995.1,KSM103,oral cavity,Japan,Modern,NA,NA,NA,2011,14
GCF_020529545.1,KSM231,oral cavity,Japan,Modern,NA,NA,NA,2011,14
GCF_020529305.1,KSM117,oral cavity,Japan,Modern,NA,NA,NA,2011,14
GCF_020529275.1,KSM62,oral cavity,Japan,Modern,NA,NA,NA,2011,14
GCF_020529625.1,KSM229,oral cavity,Japan,Modern,NA,NA,NA,2011,14
GCF_020531465.1,KSM162,oral cavity,Japan,Modern,NA,NA,NA,2011,14
GCF_020530105.1,KSM66,oral cavity,Japan,Modern,NA,NA,NA,2011,14
GCF_020531085.1,KSM13,oral cavity,Japan,Modern,NA,NA,NA,2011,14
GCF_020529245.1,KSM124,oral cavity,Japan,Modern,NA,NA,NA,2011,14
GCF_020529565.1,KSM171,oral cavity,Japan,Modern,NA,NA,NA,2011,14
GCF_020531425.1,KSM236,oral cavity,Japan,Modern,NA,NA,NA,2011,14
GCF_020530865.1,KSM151,oral cavity,Japan,Modern,NA,NA,NA,2011,14
GCF_020530125.1,KSM34,oral cavity,Japan,Modern,NA,NA,NA,2011,14
GCF_020529865.1,KSM203,oral cavity,Japan,Modern,NA,NA,NA,2011,14
GCF_020531385.1,KSM8,oral cavity,Japan,Modern,NA,NA,NA,2011,14
GCF_020530255.1,KSM96,oral cavity,Japan,Modern,NA,NA,NA,2011,14
GCF_020531405.1,KSM238,oral cavity,Japan,Modern,NA,NA,NA,2011,14
GCF_020529645.1,KSM225,oral cavity,Japan,Modern,NA,NA,NA,2011,14
GCF_020530345.1,KSM78,oral cavity,Japan,Modern,NA,NA,NA,2011,14
GCF_020530765.1,KSM223,oral cavity,Japan,Modern,NA,NA,NA,2011,14
GCF_020530205.1,KSM97,oral cavity,Japan,Modern,NA,NA,NA,2011,14
GCF_020530405.1,KSM87,oral cavity,Japan,Modern,NA,NA,NA,2011,14
GCF_020529665.1,KSM195,oral cavity,Japan,Modern,NA,NA,NA,2011,14
GCF_020529915.1,KSM108,oral cavity,Japan,Modern,NA,NA,NA,2011,14
GCF_020529225.1,KSM123,oral cavity,Japan,Modern,NA,NA,NA,2011,14
GCF_020530725.1,KSM207,oral cavity,Japan,Modern,NA,NA,NA,2011,14
GCF_020530045.1,KSM77,oral cavity,Japan,Modern,NA,NA,NA,2011,14
GCF_020530625.1,KSM60,oral cavity,Japan,Modern,NA,NA,NA,2011,14
GCF_020530495.1,KSM189,oral cavity,Japan,Modern,NA,NA,NA,2011,14
GCF_020530485.1,KSM191,oral cavity,Japan,Modern,NA,NA,NA,2011,14
GCF_020531485.1,KSM154,oral cavity,Japan,Modern,NA,NA,NA,2011,14
GCF_020531065.1,KSM30,oral cavity,Japan,Modern,NA,NA,NA,2011,14
GCF_020531545.1,KSM159,oral cavity,Japan,Modern,NA,NA,NA,2011,14
GCF_020529405.1,KSM112,oral cavity,Japan,Modern,NA,NA,NA,2011,14
GCF_020531625.1,KSM121,oral cavity,Japan,Modern,NA,NA,NA,2011,14
GCF_020531125.1,KSM10,oral cavity,Japan,Modern,NA,NA,NA,2011,14
GCF_020529725.1,KSM183,oral cavity,Japan,Modern,NA,NA,NA,2011,14
GCF_020529465.1,KSM199,oral cavity,Japan,Modern,NA,NA,NA,2011,14
GCF_020530465.1,KSM173,oral cavity,Japan,Modern,NA,NA,NA,2011,14
GCF_020529365.1,KSM92,oral cavity,Japan,Modern,NA,NA,NA,2011,14
GCF_020530525.1,KSM164,oral cavity,Japan,Modern,NA,NA,NA,2011,14
GCF_020530025.1,KSM72,oral cavity,Japan,Modern,NA,NA,NA,2011,14
GCF_020530605.1,KSM148,oral cavity,Japan,Modern,NA,NA,NA,2011,14
GCF_020531245.1,KSM19,oral cavity,Japan,Modern,NA,NA,NA,2011,14
GCF_020529845.1,KSM177,oral cavity,Japan,Modern,NA,NA,NA,2011,14
GCF_020531255.1,KSM9,oral cavity,Japan,Modern,NA,NA,NA,2011,14
GCF_020530225.1,KSM94,oral cavity,Japan,Modern,NA,NA,NA,2011,14
GCF_020531585.1,KSM135,oral cavity,Japan,Modern,NA,NA,NA,2011,14
GCF_020531325.1,KSM15,oral cavity,Japan,Modern,NA,NA,NA,2011,14
GCF_020529985.1,KSM98,oral cavity,Japan,Modern,NA,NA,NA,2011,14
GCF_020530185.1,KSM56,oral cavity,Japan,Modern,NA,NA,NA,2011,14
GCF_020531525.1,KSM167,oral cavity,Japan,Modern,NA,NA,NA,2011,14
GCF_020530805.1,KSM157,oral cavity,Japan,Modern,NA,NA,NA,2011,14
GCF_020529595.1,KSM205,oral cavity,Japan,Modern,NA,NA,NA,2011,14
GCF_020530705.1,KSM219,oral cavity,Japan,Modern,NA,NA,NA,2011,14
GCF_020529745.1,KSM197,oral cavity,Japan,Modern,NA,NA,NA,2011,14
GCF_020529945.1,KSM106,oral cavity,Japan,Modern,NA,NA,NA,2011,14
GCF_020529825.1,KSM178,oral cavity,Japan,Modern,NA,NA,NA,2011,14
GCF_020531445.1,KSM166,oral cavity,Japan,Modern,NA,NA,NA,2011,14
GCF_020529495.1,KSM200,oral cavity,Japan,Modern,NA,NA,NA,2011,14
GCF_020531505.1,KSM155,oral cavity,Japan,Modern,NA,NA,NA,2011,14
GCF_014842815.3,27. Mar,oral cavity,USA,Modern,NA,NA,NA,10.10.16,9
GCF_029071925.1,CIM3001,oral cavity,China,Modern,NA,NA,NA,12.10.15,10
GCF_000817065.1,UA159.FR,NA,USA,Modern,NA,NA,NA,NA,NA
GCF_021013185.1,B30,oral cavity,China,Modern,NA,NA,NA,12.10.15,10
GCF_000496555.1,PKUSS.LG01,dental plaque,China,Modern,NA,NA,NA,2003,22
GCF_000496535.1,PKUSS.HG01,dental plaque,China,Modern,NA,NA,NA,2003,22
GCF_003466855.1,AM44.1,feces,China,Modern,NA,NA,NA,02.01.14,11
MEGAHIT.MaxBin2.GIN005.001,GIN005.A0101.SM1,tooth,Russian Federation,Ancient,100,0.07,0,1729-1538 calBCE,3587.5
MEGAHIT.MaxBin2.VLI009.001,VLI009.B0103.SM1,tooth,Czech Republic,Ancient,100,0.26,0,2848-2495 calBCE,4621.5
MEGAHIT.MaxBin2.SGA024.001,SGA024.B0102.SM1,tooth,Mexico,Ancient,99.44,0.57,66.67,1410-1641 CE,424.5
MEGAHIT.MaxBin2.ALM029.001,ALM029.A0101.SM1,tooth,Spain,Ancient,99.25,0,0,1750-1550 BCE,3600
MEGAHIT.MetaBAT2.GIN007.1,GIN007.A0101.SM1,tooth,Russian Federation,Ancient,99.25,0,0,1729-1538 calBCE,3583.5
MEGAHIT.MaxBin2Refined.OSS001.001,OSS001.A0101.SM1,tooth,Russian Federation,Ancient,99.25,0.06,66.67,3704-3535 calBCE,5569.5
MEGAHIT.MaxBin2Refined.KPT003.001,KPT003.A0101.SM1,tooth,Russian Federation,Ancient,99.24,0,0,2576-2480 calBCE,4478
MEGAHIT.MaxBin2.FAR004_cap.001,FAR004.A0104.SM1,tooth,South Africa,Ancient,99.03,0.75,0,68 calBCE-202 calCE,1883
MEGAHIT.MaxBin2.DON004.001,DON004.A0101.SM1,tooth,Lithuania,Ancient,98.88,0.19,0,4718-4503 calBCE,6560.5
MEGAHIT.MetaBAT2.VEN018.1,VEN018.A0102.SM1,tooth,Italy,Ancient,98.88,0.64,0,672-800 CE,1214
MEGAHIT.MaxBin2Refined.EFA011.001,EFA011.A0201.SM1,tooth,Spain,Ancient,98.69,0.75,100,1200-1000 BCE,3050
MEGAHIT.MaxBin2Refined.SCA003.001,SCA003.A0102.SM1,tooth,Italy,Ancient,98.5,0.37,0,1619-1498 calBCE,3508.5
MEGAHIT.MaxBin2.KIV002.001,KIV002.A0101.SM1,tooth,Latvia,Ancient,97.75,1.06,25,787-541 calBCE,2614
MEGAHIT.MetaBAT2.REN010.1,REN010.A0102.SM1,tooth,Finland,Ancient,97.16,0,0,~1770 CE,180
MEGAHIT.MetaBAT2Refined.PLI001.1,PLI001.A0101.SM1,tooth,Lithuania,Ancient,97.07,0.1,66.67,3264-2625 calBCE,4894.5
MEGAHIT.MaxBin2.XAN005.001,XAN005.A0102.SM1,tooth,Greece,Ancient,96.43,0.37,0,1350-1250 BCE,3250
MEGAHIT.CONCOCTRefined.IKI023.8,IKI023.A0102.SM1,tooth,Turkey,Ancient,96.4,0.51,33.33,3500-3000 BCE,5200
MEGAHIT.MaxBin2.PIE034.001,PIE034.B0101.SM1,tooth,Romania,Ancient,96.3,1.12,0,4681-4502 calBCE,6541.5
MEGAHIT.MetaBAT2Refined.KIV006.1,KIV006.A0101.SM1,tooth,Latvia,Ancient,95.77,0.45,0,809-570 calBCE,2639.5
MEGAHIT.MaxBin2Refined.SJN015.001,SJN015.B0101.SM1,tooth,Mexico,Ancient,95.21,0.75,0,1326-1423 calCE,575.5
MEGAHIT.MaxBin2.SJN032.001,SJN032.A0101.SM1,tooth,Mexico,Ancient,94.88,0.52,0,1500-1700 CE,350
MEGAHIT.MetaBAT2Refined.PGL001.1,PGL001.A0103.SM1,tooth,Peru,Ancient,94.37,0.63,57.14,1405-1445 calCE,525
MEGAHIT.CONCOCTRefined.CDL001.4,CDL001.A0201.SM1,tooth,Spain,Ancient,93.9,0.07,0,2000-1550 BCE,3725
MEGAHIT.MetaBAT2.PRU003.1,PRU003.A0102.SM1,tooth,Czech Republic,Ancient,93.51,0.2,50,2570-2348 calBCE ,4409
MEGAHIT.CONCOCTRefined.REV004.13,REV004.A0102.SM1,tooth,Peru,Ancient,93.41,0.26,50,1320-1407 calCE,586.5
MEGAHIT.MaxBin2Refined.TIT012.001,TIT012.A0103.SM1,tooth,Turkey,Ancient,93.01,0.54,33.33,2300-2100 BCE,4150
MEGAHIT.CONCOCT.PAN049_0,PAN049,tooth,Spain,Ancient,92.39,2.74,41.67,3500-3300 BCE,5350
MEGAHIT.MetaBAT2.TIL003.1,TIL003.A0101.SM1,tooth,Papua New Guinea,Ancient,91.65,0.45,0,1300-1400 CE,600
MEGAHIT.CONCOCTRefined.VLI061.1,VLI061.B0102.SM1,tooth,Czech Republic,Ancient,91.47,0.48,0,2200-2000 BCE,4050
MEGAHIT.CONCOCTRefined.CLL006.5,CLL006.A0101.SM1,tooth,Spain,Ancient,90.79,1.42,66.67,3300-2300 BCE,4750
MEGAHIT.MaxBin2Refined.EHU002.001,EHU002.A0201.SM1,tooth,Spain,Ancient,88.46,0.37,100,2564-2299 calBCE,4381.5
MEGAHIT.CONCOCTRefined.XXX001_A161345.1,XXX001.A161345.SM1,tooth,Spain,Ancient,81.73,0.01,100,2850-2250 BCE,4500
MEGAHIT.MaxBin2Refined.OBK010.001,OBK010.A0101.SM1,tooth,Germany,Ancient,80.34,1.42,50,2136-1955 calBCE,3995.5
MEGAHIT.CONCOCTRefined.XXX001_A16575.0,XXX001.A16575.SM1,tooth,Spain,Ancient,63.55,0,0,5312-5212 calBCE,7212
MEGAHIT.CONCOCT.KGH2.B_0,Jackson2024_KGH2-B,tooth,Ireland,Ancient,99.44,0.62,33.33,2280-2140 BCE,4160